"continent","Entity","Code","Year","Homicide_Rate","Education_Expenditure","Prop_Extreme_Poverty","Corr_Perc_Index"
"Europe","Albania","ALB",2015,2.26,11.1775503158569,0.12062105945625,36
"Europe","Albania","ALB",2016,2.23,13.596960067749,0.1393031662291,39
"Europe","Albania","ALB",2017,2.18,12.3908004760742,0.39256993441453,38
"Africa","Angola","AGO",2018,3.25,5.41023015975952,31.1220062314342,19
"Asia","Armenia","ARM",2012,6.26,12.3689699172974,0.83222234925673,34
"Asia","Armenia","ARM",2013,5.68,11.1367597579956,1.73826517557701,36
"Asia","Armenia","ARM",2014,5.58,9.36711978912354,1.43914308340864,37
"Asia","Armenia","ARM",2015,5.3,10.6563596725464,1.14636006826349,35
"Asia","Armenia","ARM",2016,5.22,10.1971998214722,1.10794656780779,33
"Asia","Armenia","ARM",2017,5.06,10.4031295776367,0.78565459035303,35
"Asia","Armenia","ARM",2018,5.08,8.98857975006104,1.33982092639115,35
"Oceania","Australia","AUS",2014,1.36,13.8837900161743,0.49848380316208,80
"Oceania","Australia","AUS",2016,1.27,13.804349899292,0.49874177937585,79
"Oceania","Australia","AUS",2018,1.32,13.4804601669312,0.49709397223352,77
"Europe","Austria","AUT",2012,0.81,10.7011804580688,0.61691736850479,69
"Europe","Austria","AUT",2013,0.78,10.7402896881104,0.33799785519643,69
"Europe","Austria","AUT",2014,0.83,10.4111604690552,0.2242602161789,72
"Europe","Austria","AUT",2015,0.92,10.6934795379639,0.67719302046479,76
"Europe","Austria","AUT",2016,0.88,10.9538497924805,0.6640635484559,75
"Europe","Austria","AUT",2017,0.84,10.9303102493286,0.31808962045207,75
"Europe","Austria","AUT",2018,0.8,10.7277002334595,0.56835836958835,76
"Asia","Bangladesh","BGD",2016,2.62,11.4192800521851,13.4683029661837,26
"Europe","Belarus","BLR",2012,9.37,12.7523002624512,0.0120559203387438,31
"Europe","Belarus","BLR",2013,8.22,12.2739896774292,0,29
"Europe","Belarus","BLR",2014,7.62,12.406720161438,0,31
"Europe","Belarus","BLR",2015,8.13,11.4617300033569,0,32
"Europe","Belarus","BLR",2016,7.82,12.1587800979614,0,40
"Europe","Belarus","BLR",2017,7.89,12.2816896438599,0,44
"Europe","Belarus","BLR",2018,8.06,13.2640399932861,0,44
"Europe","Belgium","BEL",2013,1.43,11.8156795501709,0.14450805606871,75
"Europe","Belgium","BEL",2014,1.51,11.8534097671509,0.0764959588167832,76
"Europe","Belgium","BEL",2015,1.44,12.0096797943115,0.0707585482592044,77
"Europe","Belgium","BEL",2016,1.49,12.1649503707886,0.0598161542063983,77
"Europe","Belgium","BEL",2017,1.44,12.3507099151611,0.14786858240155,75
"Europe","Belgium","BEL",2018,1.43,12.2238397598267,0.0811135955451709,75
"Africa","Benin","BEN",2015,7.06,17.4795207977295,50.7092571398372,37
"Africa","Benin","BEN",2018,7.14,17.7091808319092,19.8960055655681,40
"Asia","Bhutan","BTN",2012,1.17,17.5233993530273,1.73033004260496,63
"Asia","Bhutan","BTN",2017,1.05,23.4572792053223,0.9457623986807,67
"Africa","Botswana","BWA",2015,21.62,17.5282592773438,15.4262420301819,63
"Americas","Brazil","BRA",2012,32.34,15.7277803421021,4.49351123843915,43
"Americas","Brazil","BRA",2013,32.45,15.5927095413208,3.72855167138011,42
"Americas","Brazil","BRA",2014,32.86,15.4438400268555,3.32594860053739,43
"Americas","Brazil","BRA",2015,32.54,16.2181091308594,3.87747282282964,38
"Americas","Brazil","BRA",2016,32.98,15.9288301467896,4.70619244519363,40
"Americas","Brazil","BRA",2017,32.5,16.5049095153809,5.26904927250752,37
"Americas","Brazil","BRA",2018,31.18,16.1483592987061,5.30176249510659,35
"Europe","Bulgaria","BGR",2012,2.48,10.6909198760986,2.30944382649777,41
"Europe","Bulgaria","BGR",2013,2.26,11.4398002624512,1.78377654928589,41
"Europe","Bulgaria","BGR",2017,2.57,12.7309503555298,1.37176634944214,43
"Africa","Burkina Faso","BFA",2014,8.52,19.3681106567383,39.6028586897245,38
"Africa","Burkina Faso","BFA",2018,9.3,22.661169052124,30.5353128655468,41
"Africa","Burundi","BDI",2013,0.96,17.2432594299316,65.1328928522584,21
"Africa","Cameroon","CMR",2014,3.3,12.8797597885132,25.6575177357644,27
"Africa","Cape Verde","CPV",2015,17.09,16.7482299804688,4.56423108576474,55
"Americas","Chile","CHL",2013,4.42,19.6456909179688,0.53117096650447,71
"Americas","Chile","CHL",2015,4.71,19.5940494537354,0.43143427986094,70
"Americas","Chile","CHL",2017,4.42,21.3115501403809,0.33757934319269,67
"Asia","China","CHN",2012,1.18,14.4071702957153,8.49285966222431,39
"Asia","China","CHN",2013,1.1,13.3154096603394,2.88303434868438,40
"Asia","China","CHN",2014,1.02,12.752610206604,2.07914925964741,36
"Asia","China","CHN",2015,0.97,12.2598304748535,1.16968012695312,37
"Asia","China","CHN",2016,0.93,12.2695598602295,0.83326890742523,40
"Asia","China","CHN",2017,0.89,12.1553001403809,0.67571399853515,41
"Asia","China","CHN",2018,0.86,11.4506902694702,0.42781485792212,39
"Americas","Colombia","COL",2012,39.04,15.0223398208618,6.71541704304994,36
"Americas","Colombia","COL",2013,37.36,16.2627296447754,6.11598103886081,36
"Americas","Colombia","COL",2014,33.75,14.8089799880981,5.43138274925664,37
"Americas","Colombia","COL",2015,33.11,14.2927303314209,4.92547596285245,37
"Americas","Colombia","COL",2016,35.46,14.9271898269653,4.91353019615867,37
"Americas","Colombia","COL",2017,35.61,15.4687404632568,4.33930490462354,37
"Americas","Colombia","COL",2018,35.84,12.8371896743774,4.49826114553166,36
"Africa","Comoros","COM",2014,9.94,18.8895301818848,18.6437217460608,26
"Americas","Costa Rica","CRI",2012,9.75,23.5015602111816,1.67336790931786,54
"Americas","Costa Rica","CRI",2013,10.04,22.8309097290039,1.64257881407421,53
"Americas","Costa Rica","CRI",2014,10.74,23.1095294952393,1.50530348254108,54
"Americas","Costa Rica","CRI",2015,12.19,23.3734302520752,1.57322685312318,55
"Americas","Costa Rica","CRI",2016,12.77,23.4232006072998,1.33673808257426,58
"Americas","Costa Rica","CRI",2017,11.74,30.1514205932617,1.17235104783789,59
"Americas","Costa Rica","CRI",2018,11.02,26.086669921875,1.50575256871393,56
"Africa","Cote d'Ivoire","CIV",2015,9.51,21.1732196807861,33.4471379804454,32
"Africa","Cote d'Ivoire","CIV",2018,9.06,18.2890892028809,11.4484810044862,35
"Europe","Croatia","HRV",2013,1.14,9.46037006378174,0.72886810845227,48
"Europe","Croatia","HRV",2017,1.07,8.63871002197266,0.51714880016437,49
"Asia","Cyprus","CYP",2013,1.76,15.3621301651001,0.0970185685971027,63
"Asia","Cyprus","CYP",2014,1.7,15.9277801513672,0.0783297968108277,63
"Asia","Cyprus","CYP",2015,1.67,16.024959564209,0.0267978316248117,61
"Asia","Cyprus","CYP",2016,1.65,16.4027805328369,0.0411490114662481,55
"Asia","Cyprus","CYP",2017,1.62,15.6789302825928,0.0328288643292692,57
"Europe","Czechia","CZE",2012,1.25,9.55685043334961,0.0322071555414746,49
"Europe","Czechia","CZE",2013,1.13,9.60243988037109,0.0456909288456495,48
"Europe","Czechia","CZE",2014,1.1,9.41372966766357,0,51
"Europe","Czechia","CZE",2015,1.09,13.8825197219849,0.00876451143804724,56
"Europe","Czechia","CZE",2016,0.9,13.971489906311,0,55
"Europe","Czechia","CZE",2017,0.95,9.76358985900879,0,57
"Europe","Czechia","CZE",2018,0.99,10.5118703842163,0.00886181551057191,59
"Europe","Denmark","DNK",2012,0.64,12.4887104034424,0,90
"Europe","Denmark","DNK",2013,0.61,15.2174396514893,0.31091564605586,91
"Europe","Denmark","DNK",2014,0.79,13.8268203735352,0.20261091696024,92
"Europe","Denmark","DNK",2017,0.74,15.3363304138184,0.14090515401063,88
"Africa","Djibouti","DJI",2017,9.26,13.2546997070312,19.0792072931448,31
"Americas","Dominican Republic","DOM",2012,20.73,16.9449005126953,3.84886186383576,32
"Americas","Dominican Republic","DOM",2013,21.3,25.9316005706787,2.97182314584106,29
"Americas","Dominican Republic","DOM",2014,21.61,13.1237001419067,3.35592566835798,32
"Americas","Dominican Republic","DOM",2015,21.55,22.5958499908447,2.53498694002828,33
"Americas","Dominican Republic","DOM",2016,21.01,21.9451999664307,2.03017232201702,31
"Americas","Dominican Republic","DOM",2017,20.04,22.343599319458,1.00154514786029,29
"Americas","Dominican Republic","DOM",2018,19.13,22.1554698944092,0.83553440904998,30
"Americas","Ecuador","ECU",2012,16.6,11.5341501235962,4.46314475068565,32
"Americas","Ecuador","ECU",2013,14.61,11.4425401687622,3.24108939269616,35
"Americas","Ecuador","ECU",2014,13.14,12.0683097839355,2.63561087329155,33
"Americas","Ecuador","ECU",2015,11.96,12.5976495742798,3.44006646069189,32
"Americas","El Salvador","SLV",2012,102.12,13.6019897460938,4.63714758866467,38
"Americas","El Salvador","SLV",2013,98.25,13.3928899765015,3.62472892868606,38
"Americas","El Salvador","SLV",2014,101.08,13.8908395767212,3.44148444467794,39
"Americas","El Salvador","SLV",2015,106.82,14.4657602310181,2.30884787706887,39
"Americas","El Salvador","SLV",2016,51.86,13.9743499755859,2.63298194781856,36
"Americas","El Salvador","SLV",2017,50.85,13.4645204544067,2.15549921415912,33
"Americas","El Salvador","SLV",2018,50.43,13.2915000915527,1.84276633035538,35
"Europe","Estonia","EST",2012,5.55,11.9912004470825,0.73973874845205,64
"Europe","Estonia","EST",2013,5.1,12.5826196670532,0.85965476123982,68
"Europe","Estonia","EST",2014,4.32,13.3199195861816,0.83052712745797,69
"Europe","Estonia","EST",2015,4.14,12.9666004180908,0.60004053268665,70
"Europe","Estonia","EST",2016,3.92,13.1083097457886,0.47005861732049,70
"Europe","Estonia","EST",2017,4.35,12.7503004074097,0.26870602915968,71
"Europe","Estonia","EST",2018,4.42,13.3928499221802,0.24873583354075,73
"Africa","Ethiopia","ETH",2015,6.78,27.0987091064453,27.0076192377856,33
"Europe","Finland","FIN",2012,1.6,12.893159866333,0.0527251576823993,90
"Europe","Finland","FIN",2013,1.63,12.5371704101562,0.0851375854009207,89
"Europe","Finland","FIN",2014,1.67,12.4000902175903,0.0661678400720419,89
"Europe","Finland","FIN",2015,1.57,12.4479904174805,0.0702085104563518,90
"Europe","Finland","FIN",2016,1.44,12.312310218811,0.047236144510314,89
"Europe","Finland","FIN",2017,1.49,11.8638696670532,0.0657777349935803,85
"Europe","Finland","FIN",2018,1.5,11.7516202926636,0.0567742560792196,85
"Europe","France","FRA",2017,0.81,9.65242958068848,0.0158882246816248,70
"Europe","France","FRA",2018,0.81,9.72482967376709,0.0211680548389616,72
"Africa","Gabon","GAB",2017,4.44,16.0584392547607,2.46864195645475,32
"Africa","Gambia","GMB",2015,0.61,11.0329303741455,13.3820668015578,28
"Asia","Georgia","GEO",2012,3.03,6.70775985717773,10.6662245256562,52
"Asia","Georgia","GEO",2016,3.45,12.6661996841431,4.91337152570461,57
"Asia","Georgia","GEO",2017,3.46,12.9533596038818,6.22986564084638,56
"Asia","Georgia","GEO",2018,3.43,12.9514999389648,5.55908026914432,58
"Europe","Germany","DEU",2012,0.74,11.034740447998,0,79
"Europe","Germany","DEU",2013,0.72,10.9811096191406,0,78
"Europe","Germany","DEU",2014,0.71,11.107629776001,0,79
"Europe","Germany","DEU",2015,0.75,10.9991598129272,0,81
"Europe","Germany","DEU",2016,0.74,10.9105396270752,0,81
"Europe","Germany","DEU",2017,0.73,11.0476903915405,0.23355321884745,81
"Europe","Germany","DEU",2018,0.73,11.2301797866821,0,80
"Africa","Ghana","GHA",2012,2.96,37.5209617614746,25.7429746574097,45
"Africa","Ghana","GHA",2016,2.79,22.0933208465576,25.2945155375663,43
"Europe","Greece","GRC",2015,1.17,7.18896007537842,1.37009057148373,46
"Europe","Greece","GRC",2017,1.23,7.18391990661621,0.8727766804056,48
"Europe","Greece","GRC",2018,1.32,7.42550992965698,0.13956267426895,45
"Americas","Guatemala","GTM",2014,33.94,21.9593906402588,9.52130273061929,32
"Africa","Guinea","GIN",2012,7.58,9.46061038970947,24.5441484893458,24
"Africa","Guinea","GIN",2018,7.93,14.8701200485229,13.8200995171388,28
"Americas","Honduras","HND",2013,86.53,19.864070892334,14.5685047075834,26
"Americas","Honduras","HND",2014,85.16,25.6536197662354,13.282176664816,29
"Americas","Honduras","HND",2015,90.35,24.6445598602295,12.9775539185763,31
"Americas","Honduras","HND",2016,35.2,18.0094108581543,14.6069827252602,30
"Americas","Honduras","HND",2017,34.51,19.6704692840576,13.8555216598937,29
"Americas","Honduras","HND",2018,34.16,23.1551094055176,14.23357345395,29
"Europe","Hungary","HUN",2012,1.84,8.43414974212646,0.32575903146986,55
"Europe","Hungary","HUN",2013,1.69,8.36808013916016,0.18029880555511,54
"Europe","Hungary","HUN",2014,1.51,9.19532012939453,0.65767438808185,54
"Europe","Hungary","HUN",2015,1.69,8.92302989959717,0.62615482988082,51
"Europe","Hungary","HUN",2016,1.46,9.86271953582764,1.3487225823699,48
"Europe","Hungary","HUN",2017,1.29,9.93560981750488,0.60926734105235,45
"Europe","Hungary","HUN",2018,1.47,10.0750398635864,0.20753035431708,46
"Europe","Iceland","ISL",2012,0.76,15.8455295562744,0.0335558172627997,82
"Europe","Iceland","ISL",2013,0.74,16.16455078125,0.0470263443295212,78
"Europe","Iceland","ISL",2014,0.72,16.6345996856689,0,79
"Europe","Iceland","ISL",2015,0.7,17.1171607971191,0.0344901833305643,79
"Europe","Iceland","ISL",2016,0.72,15.9746599197388,0,78
"Europe","Iceland","ISL",2017,0.79,17.0447006225586,0,77
"Asia","India","IND",2015,2.93,12.5311698913574,18.7305572279638,38
"Asia","India","IND",2016,2.92,12.7535495758057,18.1063452171317,40
"Asia","Indonesia","IDN",2012,0.97,18.0904197692871,13.7353172338797,32
"Asia","Indonesia","IDN",2013,0.95,17.6039295196533,11.1787963635613,32
"Asia","Indonesia","IDN",2014,0.93,17.6715202331543,9.26191836248,34
"Asia","Indonesia","IDN",2015,0.92,20.5032997131348,8.27628749212861,36
"Asia","Indonesia","IDN",2016,0.9,21.0787792205811,7.51736056398635,37
"Asia","Indonesia","IDN",2017,0.89,16.1104793548584,6.61834769144169,37
"Asia","Indonesia","IDN",2018,0.88,20,5.42430002795262,38
"Asia","Iran","IRN",2013,3.23,21.6735000610352,0.2687015823423,25
"Asia","Iran","IRN",2014,3.18,19.6648693084717,0.7932577574383,27
"Asia","Iran","IRN",2015,3.12,18.5687503814697,0.72021690961778,27
"Asia","Iran","IRN",2016,3.01,19.4454307556152,0.69328687144604,29
"Asia","Iran","IRN",2017,2.85,20.3052101135254,0.63202984230147,30
"Asia","Iran","IRN",2018,2.72,21.1460399627686,0.85775532534755,28
"Europe","Ireland","IRL",2012,0.91,13.5666399002075,0.33501236546846,69
"Europe","Ireland","IRL",2013,0.75,13.0846300125122,0.68222850115131,72
"Europe","Ireland","IRL",2014,0.75,12.8518295288086,0.38895379330453,74
"Europe","Ireland","IRL",2015,0.62,12.8188199996948,0.36762756414669,75
"Europe","Ireland","IRL",2016,0.64,13.2103204727173,0.13472612075583,73
"Europe","Ireland","IRL",2017,0.65,13.2017097473145,0.24319611549932,74
"Europe","Ireland","IRL",2018,0.65,13.2029495239258,0.00392138580370284,73
"Asia","Israel","ISR",2012,2.13,14.0771903991699,0.73900738983379,60
"Asia","Israel","ISR",2013,2.08,14.5331201553345,0.45378033612217,61
"Asia","Israel","ISR",2014,2.01,14.8553800582886,0.49243242007819,60
"Asia","Israel","ISR",2015,2.08,15.4929103851318,0.49385365469248,61
"Asia","Israel","ISR",2016,1.87,15.4365997314453,0.24139464325268,64
"Asia","Israel","ISR",2017,1.95,15.7010803222656,0.45742481992044,62
"Asia","Israel","ISR",2018,1.97,15.5212202072144,0.49676623734505,61
"Europe","Italy","ITA",2012,0.92,8.01743030548096,1.20060849080335,42
"Europe","Italy","ITA",2013,0.87,8.1325798034668,1.37316720649828,43
"Europe","Italy","ITA",2014,0.79,7.9859299659729,1.23212029928105,43
"Europe","Italy","ITA",2015,0.82,8.09591007232666,1.94886640760099,44
"Europe","Italy","ITA",2016,0.78,7.77489995956421,1.6299454933417,47
"Europe","Italy","ITA",2017,0.8,8.29518032073975,1.42163425261996,50
"Europe","Italy","ITA",2018,0.81,8.79574012756348,1.45764687124155,52
"Asia","Kazakhstan","KAZ",2015,10,12.193039894104,0.0382705867123473,28
"Asia","Kazakhstan","KAZ",2016,9.75,13.8440999984741,0.0505287176426845,29
"Asia","Kazakhstan","KAZ",2017,8.63,11.4199104309082,0.0414989967810902,31
"Asia","Kazakhstan","KAZ",2018,9.22,13.8801803588867,0.0151407910715232,31
"Africa","Kenya","KEN",2015,9.66,16.6646595001221,29.3651058549881,25
"Asia","Kyrgyzstan","KGZ",2012,5.85,18.1950092315674,2.62981471565378,24
"Asia","Kyrgyzstan","KGZ",2013,5.39,17.7737903594971,2.62000409048392,24
"Asia","Kyrgyzstan","KGZ",2014,4.86,14.364839553833,1.048443573237,27
"Asia","Kyrgyzstan","KGZ",2015,4.81,15.7167596817017,2.18059632388955,28
"Asia","Kyrgyzstan","KGZ",2016,4.12,16.920919418335,1.14351041022972,28
"Asia","Kyrgyzstan","KGZ",2017,3.89,16.2781391143799,1.26857453888252,29
"Asia","Kyrgyzstan","KGZ",2018,4.41,16.7959003448486,0.7358914730827,29
"Asia","Laos","LAO",2012,11.49,7.36868000030518,10.8910442343521,21
"Europe","Latvia","LVA",2012,7.67,17.7365493774414,1.06769943434734,49
"Europe","Latvia","LVA",2013,7.76,18.7440204620361,1.16537874250128,53
"Europe","Latvia","LVA",2014,8.09,13.9723701477051,0.79135590582765,55
"Europe","Latvia","LVA",2015,7.01,14.1274099349976,0.65031096514049,56
"Europe","Latvia","LVA",2016,6.99,12.89328956604,0.64695127129156,57
"Europe","Latvia","LVA",2017,7.02,11.9676303863525,0.79721786574606,58
"Europe","Latvia","LVA",2018,7.05,11.1475095748901,0.36000243343012,58
"Africa","Lesotho","LSO",2017,35.19,15.115309715271,32.399910993563,42
"Africa","Liberia","LBR",2014,2.63,6.89348983764648,25.9307623395066,37
"Europe","Lithuania","LTU",2012,7.17,13.5359697341919,0.94779258208959,54
"Europe","Lithuania","LTU",2013,7.1,13.2880201339722,0.70500815246698,57
"Europe","Lithuania","LTU",2014,6.41,13.1901397705078,1.26202598293785,58
"Europe","Lithuania","LTU",2015,6.37,12.2882604598999,0.71985860383776,59
"Europe","Lithuania","LTU",2016,5.71,12.025239944458,1.27050592184135,59
"Europe","Lithuania","LTU",2017,4.66,11.7656402587891,1.02250726405853,59
"Europe","Lithuania","LTU",2018,5.27,11.742730140686,0.9250136525158,59
"Europe","Luxembourg","LUX",2012,1.16,9.26741027832031,0.0436189461786745,80
"Europe","Luxembourg","LUX",2014,1.12,9.48968029022217,0.139924912807,82
"Europe","Luxembourg","LUX",2015,1.12,9.35111999511719,0.30012452282908,85
"Europe","Luxembourg","LUX",2017,1.1,8.47449970245361,0.28312986098927,82
"Europe","Luxembourg","LUX",2018,1.1,8.68144989013672,0.28481785875308,81
"Africa","Madagascar","MDG",2012,2.14,20.3257999420166,80.7300579010106,32
"Africa","Malawi","MWI",2016,2,17.1988105773926,65.7357230818722,31
"Asia","Malaysia","MYS",2013,2.21,19.454309463501,0.033976989108864,50
"Asia","Malaysia","MYS",2015,2.07,19.8107299804688,0.0190366539632926,50
"Asia","Maldives","MDV",2016,2.2,10.1574201583862,0,36
"Africa","Mali","MLI",2018,10.14,15.8884201049805,14.7914423653499,32
"Europe","Malta","MLT",2012,1.31,15.2615604400635,0.11772206980814,57
"Europe","Malta","MLT",2013,1.25,18.7751998901367,0.0296661449280835,56
"Europe","Malta","MLT",2014,1.22,17.537769317627,0,55
"Europe","Malta","MLT",2015,1.19,13.1508903503418,0.0843779645902149,60
"Europe","Malta","MLT",2016,1.2,14.1685495376587,0.0920871069993075,55
"Europe","Malta","MLT",2017,1.16,13.3727102279663,0.15988650828785,56
"Africa","Mauritius","MUS",2012,2.77,14.9606199264526,0.41238990172228,57
"Africa","Mauritius","MUS",2017,2.85,20.3572006225586,0.12531370909147,50
"Americas","Mexico","MEX",2012,19.88,18.0871906280518,3.83989338250938,34
"Americas","Mexico","MEX",2014,18.93,18.8059406280518,3.71351163056608,35
"Americas","Mexico","MEX",2016,21.38,17.9393291473389,3.21491056611298,30
"Americas","Mexico","MEX",2018,25.24,16.5778503417969,2.62938058740129,28
"Europe","Moldova","MDA",2012,7.35,20.7419700622559,0.1385103523913,36
"Europe","Moldova","MDA",2013,7.43,18.2398204803467,0.0251886045918389,35
"Europe","Moldova","MDA",2014,6.84,18.765100479126,0,35
"Europe","Moldova","MDA",2015,6.35,18.1821708679199,0.0312092438793484,33
"Europe","Moldova","MDA",2016,6.14,18.6216297149658,0.10805441147221,30
"Europe","Moldova","MDA",2017,4.65,18.4328308105469,0,31
"Europe","Moldova","MDA",2018,5.5,17.5677299499512,0,33
"Asia","Mongolia","MNG",2012,10.02,14.4072303771973,0.47310933341499,36
"Asia","Mongolia","MNG",2014,9.64,14.6681003570557,0.32755224635199,39
"Asia","Mongolia","MNG",2016,9.06,13.0631103515625,0.70649731864109,38
"Asia","Mongolia","MNG",2018,8.67,20.4833507537842,0.71158558194555,37
"Africa","Mozambique","MOZ",2014,6.35,17.8321990966797,64.6408592101295,31
"Asia","Myanmar","MMR",2015,1.46,8.73416042327881,6.21700241374112,22
"Asia","Myanmar","MMR",2017,1.41,9.92768001556396,1.99115673094833,30
"Africa","Namibia","NAM",2015,19.23,22.5713291168213,15.6170136674297,53
"Europe","Netherlands","NLD",2012,0.96,11.7760696411133,0.0758421920978112,84
"Europe","Netherlands","NLD",2013,0.86,12.0942401885986,0.0868787903940589,83
"Europe","Netherlands","NLD",2014,0.87,12.1507997512817,0.0577129582334543,83
"Europe","Netherlands","NLD",2015,0.78,12.2096500396729,0.0616626228177305,84
"Europe","Netherlands","NLD",2016,0.75,12.8068599700928,0.0459171131712094,83
"Europe","Netherlands","NLD",2017,0.82,12.4232597351074,0.1887662287202,82
"Europe","Netherlands","NLD",2018,0.83,12.9115495681763,0.10091632123955,82
"Americas","Nicaragua","NIC",2014,7.07,23.0475997924805,3.94102865666967,28
"Africa","Niger","NER",2014,8.18,21.6615009307861,53.5647095461992,35
"Africa","Niger","NER",2018,8.59,16.3399696350098,50.6335256006988,34
"Africa","Nigeria","NGA",2015,6.56,11.0468597412109,32.2566296990155,26
"Africa","Nigeria","NGA",2018,6.74,7.03413009643555,30.8632983511223,27
"Europe","Norway","NOR",2012,0.73,17.2820606231689,0.11730681168319,85
"Europe","Norway","NOR",2013,0.9,17.1192398071289,0.13043558285971,86
"Europe","Norway","NOR",2014,0.71,16.9020805358887,0.11292122883271,86
"Europe","Norway","NOR",2015,0.56,15.6075801849365,0.17004923229462,88
"Europe","Norway","NOR",2016,0.65,15.8395099639893,0.28067330742413,85
"Europe","Norway","NOR",2017,0.59,15.9385099411011,0.29165247491296,85
"Europe","Norway","NOR",2018,0.6,15.6263704299927,0.25446129825882,84
"Asia","Pakistan","PAK",2013,7.24,11.5139799118042,7.36264287055459,28
"Asia","Pakistan","PAK",2015,6.08,13.1872797012329,5.11018829247651,30
"Americas","Panama","PAN",2015,16.59,7.86405992507935,1.51395485297371,39
"Americas","Panama","PAN",2016,15.06,7.46639013290405,1.51692673087935,38
"Americas","Panama","PAN",2017,15.19,8.68187046051025,2.09712857514668,37
"Americas","Panama","PAN",2018,15.32,8.6810998916626,1.40564488986322,37
"Americas","Paraguay","PRY",2013,11.21,9.59862041473389,1.78756603842674,24
"Americas","Paraguay","PRY",2014,11.12,10.2756004333496,2.41388798827593,24
"Americas","Paraguay","PRY",2015,11.21,12.2894201278687,1.89134462238234,27
"Americas","Paraguay","PRY",2017,11.62,11.5065898895264,0.98143936337928,29
"Americas","Paraguay","PRY",2018,11.73,11.9658002853394,1.40668662479203,29
"Americas","Peru","PER",2012,3.88,14.3690700531006,6.08196914265217,38
"Americas","Peru","PER",2013,3.73,15.2238798141479,5.4265119913401,38
"Americas","Peru","PER",2014,3.61,16.2198905944824,4.82954918743312,38
"Americas","Peru","PER",2015,3.53,17.5748596191406,4.74166997861624,36
"Americas","Peru","PER",2016,3.46,17.8701000213623,4.61802537496713,35
"Americas","Peru","PER",2017,3.43,18.2359199523926,4.49705930000927,37
"Americas","Peru","PER",2018,3.4,17.1314105987549,3.5692993111258,35
"Asia","Philippines","PHL",2015,13.97,16.0162200927734,8.29090428886024,35
"Asia","Philippines","PHL",2018,13.97,15.3999996185303,5.04459847378497,36
"Europe","Poland","POL",2012,1.84,11.2269697189331,0.0219688820119659,58
"Europe","Poland","POL",2013,1.82,11.5979404449463,0.00905476988184857,60
"Europe","Poland","POL",2014,1.64,11.5797500610352,0.0103036505837299,61
"Europe","Poland","POL",2015,1.52,11.546480178833,0,63
"Europe","Poland","POL",2016,1.52,11.2839498519897,0.00454036757794953,62
"Europe","Poland","POL",2017,1.59,11.0591897964478,0.00181251848469401,60
"Europe","Poland","POL",2018,1.6,11.1235504150391,0.00647354017099671,60
"Europe","Portugal","PRT",2012,1.85,10.1237802505493,0.70321063835572,63
"Europe","Portugal","PRT",2013,1.62,10.5585403442383,0.85518591596952,62
"Europe","Portugal","PRT",2014,1.59,9.913330078125,0.54567377854249,63
"Europe","Portugal","PRT",2015,1.53,10.1358299255371,0.48239423381176,64
"Europe","Portugal","PRT",2017,1.48,11.0554304122925,0.41049599946597,63
"Europe","Portugal","PRT",2018,1.54,10.8120603561401,0.29025389776447,64
"Europe","Romania","ROU",2012,2.26,8.43579006195068,0,44
"Europe","Romania","ROU",2013,1.99,8.97900009155273,0,43
"Europe","Romania","ROU",2014,2.06,9.25695037841797,7.0226743000288,43
"Europe","Romania","ROU",2015,1.85,9.09451007843018,5.26611906890214,46
"Europe","Romania","ROU",2016,1.84,9.51058959960938,0,48
"Europe","Romania","ROU",2017,1.73,10.0526504516602,3.26613324316894,48
"Europe","Romania","ROU",2018,1.92,10.4609603881836,0,47
"Europe","Russia","RUS",2012,18.62,11.1467599868774,0.0322114020571743,28
"Europe","Russia","RUS",2013,17.94,10.8618402481079,0.00816399333059668,28
"Europe","Russia","RUS",2014,17.44,11.4885196685791,0.021315758220605,27
"Europe","Russia","RUS",2015,16.56,10.8694696426392,0.0363401898407939,29
"Europe","Russia","RUS",2016,15.24,10.9852800369263,0.0271932987634988,29
"Europe","Russia","RUS",2017,13.97,13.4650802612305,0.0334316931809688,29
"Europe","Russia","RUS",2018,14.93,14.3410797119141,0.0291922084839342,28
"Africa","Rwanda","RWA",2013,3.81,16.8596305847168,53.7471879535967,53
"Africa","Rwanda","RWA",2016,3.75,12.2783899307251,52.005393400409,54
"Americas","Saint Lucia","LCA",2016,18.57,21.975700378418,5.12280497053847,60
"Africa","Sao Tome and Principe","STP",2017,5.29,18.3999996185303,15.5518994775932,46
"Africa","Senegal","SEN",2018,1.34,21.5420207977295,9.33548494973649,45
"Europe","Serbia","SRB",2012,2.56,9.22700977325439,5.34019096621322,39
"Europe","Serbia","SRB",2014,2.44,8.76399993896484,6.92315037176217,41
"Europe","Serbia","SRB",2015,2.39,8.8763599395752,0.0717190550516567,40
"Europe","Serbia","SRB",2016,2.34,8.69299030303955,6.35638690045857,42
"Europe","Serbia","SRB",2017,2.32,9.25646018981934,5.39484196454185,41
"Europe","Serbia","SRB",2018,2.33,8.80428028106689,0.0370430295410571,39
"Africa","Seychelles","SYC",2013,5.14,9.5476598739624,1.23605919440869,54
"Africa","Seychelles","SYC",2018,4.95,11.8271799087524,0.51100400760189,66
"Africa","Sierra Leone","SLE",2018,1.81,32.7278289794922,26.062034121157,30
"Europe","Slovakia","SVK",2012,2.5,9.38741970062256,0.40092896650538,46
"Europe","Slovakia","SVK",2013,2.38,9.57987022399902,0.28149927761831,47
"Europe","Slovakia","SVK",2014,2.35,9.74608039855957,0.67544918218622,50
"Europe","Slovakia","SVK",2015,2.34,10.0485095977783,0.66175980204606,51
"Europe","Slovakia","SVK",2016,2.25,9.16841983795166,1.38070072240889,51
"Europe","Slovakia","SVK",2017,2.22,9.5190896987915,0.22536847115896,50
"Europe","Slovakia","SVK",2018,2.19,9.51360988616943,0.16945707285896,50
"Europe","Slovenia","SVN",2012,1,11.3872203826904,0.026254446626495,61
"Europe","Slovenia","SVN",2013,1.14,8.96959972381592,0.0217568549703164,57
"Europe","Slovenia","SVN",2014,1.05,10.4081497192383,0,58
"Europe","Slovenia","SVN",2015,0.9,10.0791702270508,0.0048529581427305,60
"Europe","Slovenia","SVN",2016,0.93,10.3819599151611,0,61
"Europe","Slovenia","SVN",2017,0.92,10.8470802307129,0,61
"Europe","Slovenia","SVN",2018,0.92,11.3399696350098,0,60
"Africa","Somalia","SOM",2017,12.58,1.70468997955322,70.7262012838087,9
"Africa","South Africa","ZAF",2014,37.09,18.9891605377197,20.4849202406558,44
"Africa","South Sudan","SSD",2016,10.04,0.833360016345978,67.32726541036,11
"Europe","Spain","ESP",2012,0.77,9.18566036224365,0.93659366858493,65
"Europe","Spain","ESP",2013,0.74,9.49333953857422,1.13630403994849,59
"Europe","Spain","ESP",2014,0.74,9.53886032104492,0.78715722704122,60
"Europe","Spain","ESP",2015,0.69,9.76646041870117,0.90352698874175,58
"Europe","Spain","ESP",2016,0.7,9.96103954315186,1.12527963436535,58
"Europe","Spain","ESP",2017,0.71,10.2134895324707,0.67809108551163,57
"Europe","Spain","ESP",2018,0.72,10.0303297042847,0.83861454268535,58
"Asia","Sri Lanka","LKA",2012,3.5,8.39402961730957,2.58714865886282,40
"Asia","Sri Lanka","LKA",2016,3.37,17.728759765625,1.29531761236744,36
"Europe","Sweden","SWE",2012,1.19,15.1362895965576,0.4570021289377,88
"Europe","Sweden","SWE",2013,1.26,15.0597896575928,0.65087144273413,89
"Europe","Sweden","SWE",2014,1.24,15.2481203079224,0.47433354077046,87
"Europe","Sweden","SWE",2015,1.33,15.3828802108765,0.56915509793712,89
"Europe","Sweden","SWE",2016,1.26,15.6189098358154,0.26145265383926,88
"Europe","Sweden","SWE",2017,1.32,15.6861000061035,0.24834995636588,84
"Europe","Sweden","SWE",2018,1.2,15.6670198440552,0.72550683309555,85
"Europe","Switzerland","CHE",2012,0.67,15.4754104614258,0.00896549532166618,86
"Europe","Switzerland","CHE",2013,0.68,15.0950899124146,0.0421837432678091,85
"Europe","Switzerland","CHE",2014,0.59,15.3224802017212,0.0327680639078857,86
"Europe","Switzerland","CHE",2015,0.65,15.3891401290894,0.0305425562759105,86
"Europe","Switzerland","CHE",2016,0.57,15.3612403869629,0.0342753316698923,86
"Europe","Switzerland","CHE",2017,0.61,15.4618196487427,0,85
"Europe","Switzerland","CHE",2018,0.61,15.5266599655151,0.0305039809592566,85
"Asia","Tajikistan","TJK",2015,2.34,16.3933601379395,6.11452914102857,26
"Africa","Tanzania","TZA",2018,6.19,20.504940032959,44.9493228433668,36
"Asia","Thailand","THA",2012,7.49,21.3967990875244,0.11532051635133,37
"Asia","Thailand","THA",2013,7.34,19.1259307861328,0.0608218953771783,35
"Asia","Thailand","THA",2014,6.03,16.9001903533936,0.0902582537989005,38
"Asia","Thailand","THA",2015,6.01,17.0577907562256,0.0465375189659312,38
"Asia","Thailand","THA",2016,5.98,17.3190498352051,0.0361475017955203,35
"Asia","Thailand","THA",2017,5.9,15.8385801315308,0.0370882835410594,37
"Asia","Thailand","THA",2018,5.85,14.4872903823853,0.0321339550488528,36
"Africa","Togo","TGO",2015,6.97,16.6649894714355,54.6921615153457,32
"Africa","Togo","TGO",2018,7.09,21.7690906524658,28.0698548376019,30
"Africa","Tunisia","TUN",2015,0.75,22.665340423584,0.14006154740587,38
"Asia","Turkey","TUR",2018,1.99,12.4066696166992,0.0403969539529151,41
"Africa","Uganda","UGA",2012,5.76,11.4518995285034,37.5440442556778,29
"Africa","Uganda","UGA",2016,6.1,11.7420501708984,42.7308937294961,25
"Europe","Ukraine","UKR",2012,8.78,13.6655197143555,0.11384704208024,26
"Europe","Ukraine","UKR",2013,7.82,13.867639541626,0.00441464592701181,25
"Europe","Ukraine","UKR",2014,10.56,13.1213502883911,0.0122762745701963,26
"Europe","Ukraine","UKR",2015,11.57,13.4800901412964,0.12321676484742,27
"Europe","Ukraine","UKR",2016,10.97,12.3531198501587,0.0983474968746994,29
"Europe","Ukraine","UKR",2017,12.08,13.051420211792,0.0322239508248556,30
"Europe","Ukraine","UKR",2018,11.99,12.7508296966553,0.00993522389662594,32
"Europe","United Kingdom","GBR",2013,0.53,12.6602401733398,0.15960232414311,76
"Europe","United Kingdom","GBR",2014,0.52,13.3537197113037,0.19663476379074,78
"Europe","United Kingdom","GBR",2015,0.49,13.4902095794678,0.1474572782582,81
"Europe","United Kingdom","GBR",2016,0.46,13.4486398696899,0.21026168404023,81
"Europe","United Kingdom","GBR",2017,0.45,13.7612800598145,0.3115664869821,82
"Americas","Uruguay","URY",2012,6.81,17.6779003143311,0.16938529608506,72
"Americas","Uruguay","URY",2013,6.81,17.5998001098633,0.17424801202464,73
"Americas","Uruguay","URY",2014,6.94,17.557300567627,0.153461778499,73
"Americas","Uruguay","URY",2015,7.42,17.006290435791,0.14976594563014,74
"Americas","Uruguay","URY",2016,7.29,14.7141799926758,0.09227166572641,71
"Americas","Uruguay","URY",2017,6.6,14.9274196624756,0.0663459041211487,70
"Americas","Uruguay","URY",2018,6.36,15.1925497055054,0.0558499547324422,70
"Asia","Vietnam","VNM",2012,1.73,18.7849903106689,1.66016232589243,31
"Asia","Vietnam","VNM",2016,1.41,15.6049003601074,1.26344524575647,33
"Asia","Vietnam","VNM",2018,1.35,16.0908699035645,1.2314411596216,33
"Africa","Zambia","ZMB",2015,8.86,16.335599899292,61.3521604261546,38
"Africa","Zimbabwe","ZWE",2017,9.37,20.8742008209229,34.2060455181227,22
